Workbook

Sheet LeiaMe
A1: Dados do Dashboard de Governança de TI — Prefeitura de Boa Esperança
A3: Finalidade | B3: Base de dados para montar o dashboard no Power BI (atividade de Governança de TI, CSTSI 6, IFAC, aula de 22/10/2026).
A4: Atenção | B4: TODOS os valores mensais são SIMULADOS para a atividade e estão marcados como 'A validar'. Linhas de base, metas, prazos e riscos vêm do PDTI v0.1 da turma e da PSI e Matriz de Riscos da Equipe 03.
A5: Mês de referência | B5: dez/2026 (aba Parametros). Medições de set/2026 (linha de base) a dez/2026.
A7: Abas
A8: Indicadores | B8: Tabela dimensão: os 8 indicadores, com meta, sentido, prazo da meta, linha de base, fonte, responsável e vínculos com PDTI, PSI e riscos.
A9: Medicoes | B9: Tabela fato: valor de cada indicador por mês. Valor = Medido ÷ Total quando 'Total' está preenchido; senão Valor = Medido. Meta e Situacao são calculadas.
A10: Riscos | B10: Os 4 riscos da Matriz de Riscos da Equipe 03 (escala 1–5). Índice e faixa são calculados; a situação do tratamento vem da aba Marcos.
A11: Marcos | B11: Marcos de tratamento de cada risco (Quadro 4 da Matriz). Situação = Concluído, Em dia ou Atrasado em relação à data de referência.
A12: Decisoes | B12: As 4 decisões prioritárias para a direção, com indicador, responsável, prazo e evidência a validar.
A13: Parametros | B13: Data de referência usada nos cálculos de atraso.
A14: Medidas_DAX | B14: Relacionamentos e medidas para colar no Power BI.
A16: Regra de situação | B16: Segue o PDTI, seção 7.3: Atendido = alcançou a meta; Em atenção = abaixo da meta, mas o prazo da meta ainda não venceu; Não atendido = abaixo da meta com prazo vencido (ou meta mensal). Sem meta = indicador ainda sem meta definida.
A17: Cores do texto | B17: Azul = dado digitado (pode editar); preto = fórmula na mesma aba; verde = fórmula que busca dado em outra aba.
A19: Como importar | B19: Power BI Desktop › Obter dados › Pasta de trabalho do Excel › marque as tabelas Indicadores, Medicoes, Riscos, Marcos, Decisoes e Parametros (aparecem com esses nomes). Depois crie os relacionamentos e as medidas da aba Medidas_DAX.

Sheet Parametros
A1: Parametro | B1: Valor | C1: Observacao
A2: Data_Referencia | B2: 46387 | C2: Fim do mês de referência do painel (simulado). Altere para recalcular atrasos.

Sheet Indicadores
A1: ID_Indicador | B1: Indicador | C1: Tipo | D1: Unidade | E1: Sentido | F1: Meta | G1: Prazo_Meta | H1: Linha_Base | I1: Fonte | J1: Periodicidade | K1: Responsavel | L1: Artefato | M1: ID_Risco | N1: Validacao
A2: IND01 | B2: Disponibilidade mensal do portal | C2: Principal | D2: % | E2: Maior é melhor | F2: 0.99 | H2: 0.9736 | I2: Ferramenta de monitoramento, registros de incidentes e relatórios do prestador | J2: Mensal | K2: Gestão de TI | L2: PDTI O1 / PSI P1 | M2: R4 | N2: A validar
A3: IND02 | B3: Chamados de lentidão do prontuário (janela de 20 dias úteis) | C3: Principal | D3: chamados | E3: Menor é melhor | F3: 29 | G3: 46477 | H3: 146 | I3: Central de atendimento / Service Desk | J3: Mensal | K3: Coordenação de Sistemas e Infraestrutura | L3: PDTI O2 / PSI P2 | M3: R2 | N3: A validar
A4: IND03 | B4: Testes de restauração realizados (acumulado previsto) | C4: Principal | D4: % | E4: Maior é melhor | F4: 1 | G4: 46660 | H4: 0 | I4: Ferramenta de backup, logs e relatórios de teste | J4: Mensal | K4: Coordenação de TI | L4: PDTI O3 / PSI P3 | M4: R1 | N4: A validar
A5: IND04 | B5: Computadores sem atualização ligados à rede | C5: Principal | D5: computadores | E5: Menor é melhor | F5: 0 | G5: 46356 | H5: 14 | I5: Inventário de ativos | J5: Mensal | K5: Coordenação de TI | L5: Matriz de Riscos R3 (sem linha no PDTI/PSI) | M5: R3 | N5: A validar
A6: IND05 | B6: Tempo de recuperação do portal (último incidente) | C6: Complementar | D6: horas | E6: Menor é melhor | F6: 4 | I6: Registro de incidentes | J6: Por incidente | K6: Gestão de TI | L6: PSI P1 (meta de 4 h) | M6: R4 | N6: A validar
A7: IND06 | B7: Dias com lentidão no prontuário (de 20 dias úteis) | C7: Complementar | D7: dias | E7: Menor é melhor | H7: 7 | I7: Central de atendimento / Service Desk | J7: Mensal | K7: Gestor de Sistemas | L7: Matriz de Riscos R2 | M7: R2 | N7: A validar — meta a definir
A8: IND07 | B8: Folha e prontuário com backup automatizado | C8: Complementar | D8: % | E8: Maior é melhor | F8: 1 | G8: 46387 | H8: 0 | I8: Ferramenta de backup | J8: Mensal | K8: Coordenação de TI | L8: PSI P3 / Matriz de Riscos R1 | M8: R1 | N8: A validar
A9: IND08 | B9: Revisões de permissões do prontuário no trimestre | C9: Complementar | D9: revisões | E9: Maior é melhor | F9: 1 | G9: 46387 | H9: 0 | I9: Relação de permissões e registros de acesso | J9: Trimestral | K9: Gestão de TI | L9: PSI P4 / LGPD | N9: A validar

Sheet Medicoes
A1: ID_Medicao | B1: ID_Indicador | C1: Mes | D1: Medido | E1: Total | F1: Valor | G1: Meta | H1: Situacao | I1: Validacao | J1: Observacao
A2: M001 | B2: IND01 | C2: 46266 | D2: 701 | E2: 720 | F2: =IF(E2="",D2,D2/E2) -> 0.97361111 | G2: =IF(INDEX(Indicadores!$F$2:$F$9,MATCH($B2,Indicadores!$A$2:$A$9,0))="","",INDEX(Indicadores!$F$2:$F$9,MATCH($B2,Indicadores!$A$2:$A$9,0))) -> 0.99 | H2: =IF(G2="","Sem meta",IF(IF(INDEX(Indicadores!$E$2:$E$9,MATCH($B2,Indicadores!$A$2:$A$9,0))="Maior é melhor",F2>=G2,F2<=G2),"Atendido",IF(AND(INDEX(Indicadores!$G$2:$G$9,MATCH($B2,Indicadores!$A$2:$A$9,0))<>"",INDEX(Indicadores!$G$2:$G$9,MATCH($B2,Indicadores!$A$2:$A$9,0))>EOMONTH(C2,0)),"Em atenção","Não atendido"))) -> Não atendido | I2: A validar (simulado) | J2: Linha de base: 19 h fora do ar em 720 h
A3: M002 | B3: IND01 | C3: 46296 | D3: 730 | E3: 744 | F3: =IF(E3="",D3,D3/E3) -> 0.9811828 | G3: =IF(INDEX(Indicadores!$F$2:$F$9,MATCH($B3,Indicadores!$A$2:$A$9,0))="","",INDEX(Indicadores!$F$2:$F$9,MATCH($B3,Indicadores!$A$2:$A$9,0))) -> 0.99 | H3: =IF(G3="","Sem meta",IF(IF(INDEX(Indicadores!$E$2:$E$9,MATCH($B3,Indicadores!$A$2:$A$9,0))="Maior é melhor",F3>=G3,F3<=G3),"Atendido",IF(AND(INDEX(Indicadores!$G$2:$G$9,MATCH($B3,Indicadores!$A$2:$A$9,0))<>"",INDEX(Indicadores!$G$2:$G$9,MATCH($B3,Indicadores!$A$2:$A$9,0))>EOMONTH(C3,0)),"Em atenção","Não atendido"))) -> Não atendido | I3: A validar (simulado) | J3: 14 h fora do ar
A4: M003 | B4: IND01 | C4: 46327 | D4: 714 | E4: 720 | F4: =IF(E4="",D4,D4/E4) -> 0.99166667 | G4: =IF(INDEX(Indicadores!$F$2:$F$9,MATCH($B4,Indicadores!$A$2:$A$9,0))="","",INDEX(Indicadores!$F$2:$F$9,MATCH($B4,Indicadores!$A$2:$A$9,0))) -> 0.99 | H4: =IF(G4="","Sem meta",IF(IF(INDEX(Indicadores!$E$2:$E$9,MATCH($B4,Indicadores!$A$2:$A$9,0))="Maior é melhor",F4>=G4,F4<=G4),"Atendido",IF(AND(INDEX(Indicadores!$G$2:$G$9,MATCH($B4,Indicadores!$A$2:$A$9,0))<>"",INDEX(Indicadores!$G$2:$G$9,MATCH($B4,Indicadores!$A$2:$A$9,0))>EOMONTH(C4,0)),"Em atenção","Não atendido"))) -> Atendido | I4: A validar (simulado) | J4: 6 h fora do ar
A5: M004 | B5: IND01 | C5: 46357 | D5: 733.5 | E5: 744 | F5: =IF(E5="",D5,D5/E5) -> 0.9858871 | G5: =IF(INDEX(Indicadores!$F$2:$F$9,MATCH($B5,Indicadores!$A$2:$A$9,0))="","",INDEX(Indicadores!$F$2:$F$9,MATCH($B5,Indicadores!$A$2:$A$9,0))) -> 0.99 | H5: =IF(G5="","Sem meta",IF(IF(INDEX(Indicadores!$E$2:$E$9,MATCH($B5,Indicadores!$A$2:$A$9,0))="Maior é melhor",F5>=G5,F5<=G5),"Atendido",IF(AND(INDEX(Indicadores!$G$2:$G$9,MATCH($B5,Indicadores!$A$2:$A$9,0))<>"",INDEX(Indicadores!$G$2:$G$9,MATCH($B5,Indicadores!$A$2:$A$9,0))>EOMONTH(C5,0)),"Em atenção","Não atendido"))) -> Não atendido | I5: A validar (simulado) | J5: 10,5 h fora do ar
A6: M005 | B6: IND02 | C6: 46266 | D6: 146 | F6: =IF(E6="",D6,D6/E6) -> 146 | G6: =IF(INDEX(Indicadores!$F$2:$F$9,MATCH($B6,Indicadores!$A$2:$A$9,0))="","",INDEX(Indicadores!$F$2:$F$9,MATCH($B6,Indicadores!$A$2:$A$9,0))) -> 29 | H6: =IF(G6="","Sem meta",IF(IF(INDEX(Indicadores!$E$2:$E$9,MATCH($B6,Indicadores!$A$2:$A$9,0))="Maior é melhor",F6>=G6,F6<=G6),"Atendido",IF(AND(INDEX(Indicadores!$G$2:$G$9,MATCH($B6,Indicadores!$A$2:$A$9,0))<>"",INDEX(Indicadores!$G$2:$G$9,MATCH($B6,Indicadores!$A$2:$A$9,0))>EOMONTH(C6,0)),"Em atenção","Não atendido"))) -> Em atenção | I6: A validar (simulado) | J6: Linha de base do PDTI
A7: M006 | B7: IND02 | C7: 46296 | D7: 131 | F7: =IF(E7="",D7,D7/E7) -> 131 | G7: =IF(INDEX(Indicadores!$F$2:$F$9,MATCH($B7,Indicadores!$A$2:$A$9,0))="","",INDEX(Indicadores!$F$2:$F$9,MATCH($B7,Indicadores!$A$2:$A$9,0))) -> 29 | H7: =IF(G7="","Sem meta",IF(IF(INDEX(Indicadores!$E$2:$E$9,MATCH($B7,Indicadores!$A$2:$A$9,0))="Maior é melhor",F7>=G7,F7<=G7),"Atendido",IF(AND(INDEX(Indicadores!$G$2:$G$9,MATCH($B7,Indicadores!$A$2:$A$9,0))<>"",INDEX(Indicadores!$G$2:$G$9,MATCH($B7,Indicadores!$A$2:$A$9,0))>EOMONTH(C7,0)),"Em atenção","Não atendido"))) -> Em atenção | I7: A validar (simulado)
A8: M007 | B8: IND02 | C8: 46327 | D8: 88 | F8: =IF(E8="",D8,D8/E8) -> 88 | G8: =IF(INDEX(Indicadores!$F$2:$F$9,MATCH($B8,Indicadores!$A$2:$A$9,0))="","",INDEX(Indicadores!$F$2:$F$9,MATCH($B8,Indicadores!$A$2:$A$9,0))) -> 29 | H8: =IF(G8="","Sem meta",IF(IF(INDEX(Indicadores!$E$2:$E$9,MATCH($B8,Indicadores!$A$2:$A$9,0))="Maior é melhor",F8>=G8,F8<=G8),"Atendido",IF(AND(INDEX(Indicadores!$G$2:$G$9,MATCH($B8,Indicadores!$A$2:$A$9,0))<>"",INDEX(Indicadores!$G$2:$G$9,MATCH($B8,Indicadores!$A$2:$A$9,0))>EOMONTH(C8,0)),"Em atenção","Não atendido"))) -> Em atenção | I8: A validar (simulado) | J8: Após plano de correção
A9: M008 | B9: IND02 | C9: 46357 | D9: 64 | F9: =IF(E9="",D9,D9/E9) -> 64 | G9: =IF(INDEX(Indicadores!$F$2:$F$9,MATCH($B9,Indicadores!$A$2:$A$9,0))="","",INDEX(Indicadores!$F$2:$F$9,MATCH($B9,Indicadores!$A$2:$A$9,0))) -> 29 | H9: =IF(G9="","Sem meta",IF(IF(INDEX(Indicadores!$E$2:$E$9,MATCH($B9,Indicadores!$A$2:$A$9,0))="Maior é melhor",F9>=G9,F9<=G9),"Atendido",IF(AND(INDEX(Indicadores!$G$2:$G$9,MATCH($B9,Indicadores!$A$2:$A$9,0))<>"",INDEX(Indicadores!$G$2:$G$9,MATCH($B9,Indicadores!$A$2:$A$9,0))>EOMONTH(C9,0)),"Em atenção","Não atendido"))) -> Em atenção | I9: A validar (simulado)
A10: M009 | B10: IND03 | C10: 46296 | D10: 1 | E10: 1 | F10: =IF(E10="",D10,D10/E10) -> 1 | G10: =IF(INDEX(Indicadores!$F$2:$F$9,MATCH($B10,Indicadores!$A$2:$A$9,0))="","",INDEX(Indicadores!$F$2:$F$9,MATCH($B10,Indicadores!$A$2:$A$9,0))) -> 1 | H10: =IF(G10="","Sem meta",IF(IF(INDEX(Indicadores!$E$2:$E$9,MATCH($B10,Indicadores!$A$2:$A$9,0))="Maior é melhor",F10>=G10,F10<=G10),"Atendido",IF(AND(INDEX(Indicadores!$G$2:$G$9,MATCH($B10,Indicadores!$A$2:$A$9,0))<>"",INDEX(Indicadores!$G$2:$G$9,MATCH($B10,Indicadores!$A$2:$A$9,0))>EOMONTH(C10,0)),"Em atenção","Não atendido"))) -> Atendido | I10: A validar (simulado) | J10: 1º teste realizado em out/2026
A11: M010 | B11: IND03 | C11: 46327 | D11: 1 | E11: 2 | F11: =IF(E11="",D11,D11/E11) -> 0.5 | G11: =IF(INDEX(Indicadores!$F$2:$F$9,MATCH($B11,Indicadores!$A$2:$A$9,0))="","",INDEX(Indicadores!$F$2:$F$9,MATCH($B11,Indicadores!$A$2:$A$9,0))) -> 1 | H11: =IF(G11="","Sem meta",IF(IF(INDEX(Indicadores!$E$2:$E$9,MATCH($B11,Indicadores!$A$2:$A$9,0))="Maior é melhor",F11>=G11,F11<=G11),"Atendido",IF(AND(INDEX(Indicadores!$G$2:$G$9,MATCH($B11,Indicadores!$A$2:$A$9,0))<>"",INDEX(Indicadores!$G$2:$G$9,MATCH($B11,Indicadores!$A$2:$A$9,0))>EOMONTH(C11,0)),"Em atenção","Não atendido"))) -> Em atenção | I11: A validar (simulado) | J11: Teste de nov/2026 não realizado
A12: M011 | B12: IND03 | C12: 46357 | D12: 2 | E12: 3 | F12: =IF(E12="",D12,D12/E12) -> 0.66666667 | G12: =IF(INDEX(Indicadores!$F$2:$F$9,MATCH($B12,Indicadores!$A$2:$A$9,0))="","",INDEX(Indicadores!$F$2:$F$9,MATCH($B12,Indicadores!$A$2:$A$9,0))) -> 1 | H12: =IF(G12="","Sem meta",IF(IF(INDEX(Indicadores!$E$2:$E$9,MATCH($B12,Indicadores!$A$2:$A$9,0))="Maior é melhor",F12>=G12,F12<=G12),"Atendido",IF(AND(INDEX(Indicadores!$G$2:$G$9,MATCH($B12,Indicadores!$A$2:$A$9,0))<>"",INDEX(Indicadores!$G$2:$G$9,MATCH($B12,Indicadores!$A$2:$A$9,0))>EOMONTH(C12,0)),"Em atenção","Não atendido"))) -> Em atenção | I12: A validar (simulado) | J12: Teste de dez/2026 realizado; nov continua pendente
A13: M012 | B13: IND04 | C13: 46266 | D13: 14 | F13: =IF(E13="",D13,D13/E13) -> 14 | G13: =IF(INDEX(Indicadores!$F$2:$F$9,MATCH($B13,Indicadores!$A$2:$A$9,0))="","",INDEX(Indicadores!$F$2:$F$9,MATCH($B13,Indicadores!$A$2:$A$9,0))) -> 0 | H13: =IF(G13="","Sem meta",IF(IF(INDEX(Indicadores!$E$2:$E$9,MATCH($B13,Indicadores!$A$2:$A$9,0))="Maior é melhor",F13>=G13,F13<=G13),"Atendido",IF(AND(INDEX(Indicadores!$G$2:$G$9,MATCH($B13,Indicadores!$A$2:$A$9,0))<>"",INDEX(Indicadores!$G$2:$G$9,MATCH($B13,Indicadores!$A$2:$A$9,0))>EOMONTH(C13,0)),"Em atenção","Não atendido"))) -> Em atenção | I13: A validar (simulado) | J13: Linha de base da Matriz de Riscos
A14: M013 | B14: IND04 | C14: 46296 | D14: 14 | F14: =IF(E14="",D14,D14/E14) -> 14 | G14: =IF(INDEX(Indicadores!$F$2:$F$9,MATCH($B14,Indicadores!$A$2:$A$9,0))="","",INDEX(Indicadores!$F$2:$F$9,MATCH($B14,Indicadores!$A$2:$A$9,0))) -> 0 | H14: =IF(G14="","Sem meta",IF(IF(INDEX(Indicadores!$E$2:$E$9,MATCH($B14,Indicadores!$A$2:$A$9,0))="Maior é melhor",F14>=G14,F14<=G14),"Atendido",IF(AND(INDEX(Indicadores!$G$2:$G$9,MATCH($B14,Indicadores!$A$2:$A$9,0))<>"",INDEX(Indicadores!$G$2:$G$9,MATCH($B14,Indicadores!$A$2:$A$9,0))>EOMONTH(C14,0)),"Em atenção","Não atendido"))) -> Em atenção | I14: A validar (simulado) | J14: Inventário concluído
A15: M014 | B15: IND04 | C15: 46327 | D15: 9 | F15: =IF(E15="",D15,D15/E15) -> 9 | G15: =IF(INDEX(Indicadores!$F$2:$F$9,MATCH($B15,Indicadores!$A$2:$A$9,0))="","",INDEX(Indicadores!$F$2:$F$9,MATCH($B15,Indicadores!$A$2:$A$9,0))) -> 0 | H15: =IF(G15="","Sem meta",IF(IF(INDEX(Indicadores!$E$2:$E$9,MATCH($B15,Indicadores!$A$2:$A$9,0))="Maior é melhor",F15>=G15,F15<=G15),"Atendido",IF(AND(INDEX(Indicadores!$G$2:$G$9,MATCH($B15,Indicadores!$A$2:$A$9,0))<>"",INDEX(Indicadores!$G$2:$G$9,MATCH($B15,Indicadores!$A$2:$A$9,0))>EOMONTH(C15,0)),"Em atenção","Não atendido"))) -> Não atendido | I15: A validar (simulado)
A16: M015 | B16: IND04 | C16: 46357 | D16: 6 | F16: =IF(E16="",D16,D16/E16) -> 6 | G16: =IF(INDEX(Indicadores!$F$2:$F$9,MATCH($B16,Indicadores!$A$2:$A$9,0))="","",INDEX(Indicadores!$F$2:$F$9,MATCH($B16,Indicadores!$A$2:$A$9,0))) -> 0 | H16: =IF(G16="","Sem meta",IF(IF(INDEX(Indicadores!$E$2:$E$9,MATCH($B16,Indicadores!$A$2:$A$9,0))="Maior é melhor",F16>=G16,F16<=G16),"Atendido",IF(AND(INDEX(Indicadores!$G$2:$G$9,MATCH($B16,Indicadores!$A$2:$A$9,0))<>"",INDEX(Indicadores!$G$2:$G$9,MATCH($B16,Indicadores!$A$2:$A$9,0))>EOMONTH(C16,0)),"Em atenção","Não atendido"))) -> Não atendido | I16: A validar (simulado) | J16: 8 de 14 tratados
A17: M016 | B17: IND05 | C17: 46327 | D17: 2 | F17: =IF(E17="",D17,D17/E17) -> 2 | G17: =IF(INDEX(Indicadores!$F$2:$F$9,MATCH($B17,Indicadores!$A$2:$A$9,0))="","",INDEX(Indicadores!$F$2:$F$9,MATCH($B17,Indicadores!$A$2:$A$9,0))) -> 4 | H17: =IF(G17="","Sem meta",IF(IF(INDEX(Indicadores!$E$2:$E$9,MATCH($B17,Indicadores!$A$2:$A$9,0))="Maior é melhor",F17>=G17,F17<=G17),"Atendido",IF(AND(INDEX(Indicadores!$G$2:$G$9,MATCH($B17,Indicadores!$A$2:$A$9,0))<>"",INDEX(Indicadores!$G$2:$G$9,MATCH($B17,Indicadores!$A$2:$A$9,0))>EOMONTH(C17,0)),"Em atenção","Não atendido"))) -> Atendido | I17: A validar (simulado) | J17: Incidente de nov/2026
A18: M017 | B18: IND05 | C18: 46357 | D18: 5.33 | F18: =IF(E18="",D18,D18/E18) -> 5.33 | G18: =IF(INDEX(Indicadores!$F$2:$F$9,MATCH($B18,Indicadores!$A$2:$A$9,0))="","",INDEX(Indicadores!$F$2:$F$9,MATCH($B18,Indicadores!$A$2:$A$9,0))) -> 4 | H18: =IF(G18="","Sem meta",IF(IF(INDEX(Indicadores!$E$2:$E$9,MATCH($B18,Indicadores!$A$2:$A$9,0))="Maior é melhor",F18>=G18,F18<=G18),"Atendido",IF(AND(INDEX(Indicadores!$G$2:$G$9,MATCH($B18,Indicadores!$A$2:$A$9,0))<>"",INDEX(Indicadores!$G$2:$G$9,MATCH($B18,Indicadores!$A$2:$A$9,0))>EOMONTH(C18,0)),"Em atenção","Não atendido"))) -> Não atendido | I18: A validar (simulado) | J18: Incidente de dez/2026: 5h20
A19: M018 | B19: IND06 | C19: 46266 | D19: 7 | F19: =IF(E19="",D19,D19/E19) -> 7 | G19: =IF(INDEX(Indicadores!$F$2:$F$9,MATCH($B19,Indicadores!$A$2:$A$9,0))="","",INDEX(Indicadores!$F$2:$F$9,MATCH($B19,Indicadores!$A$2:$A$9,0))) | H19: =IF(G19="","Sem meta",IF(IF(INDEX(Indicadores!$E$2:$E$9,MATCH($B19,Indicadores!$A$2:$A$9,0))="Maior é melhor",F19>=G19,F19<=G19),"Atendido",IF(AND(INDEX(Indicadores!$G$2:$G$9,MATCH($B19,Indicadores!$A$2:$A$9,0))<>"",INDEX(Indicadores!$G$2:$G$9,MATCH($B19,Indicadores!$A$2:$A$9,0))>EOMONTH(C19,0)),"Em atenção","Não atendido"))) -> Sem meta | I19: A validar (simulado) | J19: Linha de base: 7 de 20 dias úteis
A20: M019 | B20: IND06 | C20: 46296 | D20: 6 | F20: =IF(E20="",D20,D20/E20) -> 6 | G20: =IF(INDEX(Indicadores!$F$2:$F$9,MATCH($B20,Indicadores!$A$2:$A$9,0))="","",INDEX(Indicadores!$F$2:$F$9,MATCH($B20,Indicadores!$A$2:$A$9,0))) | H20: =IF(G20="","Sem meta",IF(IF(INDEX(Indicadores!$E$2:$E$9,MATCH($B20,Indicadores!$A$2:$A$9,0))="Maior é melhor",F20>=G20,F20<=G20),"Atendido",IF(AND(INDEX(Indicadores!$G$2:$G$9,MATCH($B20,Indicadores!$A$2:$A$9,0))<>"",INDEX(Indicadores!$G$2:$G$9,MATCH($B20,Indicadores!$A$2:$A$9,0))>EOMONTH(C20,0)),"Em atenção","Não atendido"))) -> Sem meta | I20: A validar (simulado)
A21: M020 | B21: IND06 | C21: 46327 | D21: 4 | F21: =IF(E21="",D21,D21/E21) -> 4 | G21: =IF(INDEX(Indicadores!$F$2:$F$9,MATCH($B21,Indicadores!$A$2:$A$9,0))="","",INDEX(Indicadores!$F$2:$F$9,MATCH($B21,Indicadores!$A$2:$A$9,0))) | H21: =IF(G21="","Sem meta",IF(IF(INDEX(Indicadores!$E$2:$E$9,MATCH($B21,Indicadores!$A$2:$A$9,0))="Maior é melhor",F21>=G21,F21<=G21),"Atendido",IF(AND(INDEX(Indicadores!$G$2:$G$9,MATCH($B21,Indicadores!$A$2:$A$9,0))<>"",INDEX(Indicadores!$G$2:$G$9,MATCH($B21,Indicadores!$A$2:$A$9,0))>EOMONTH(C21,0)),"Em atenção","Não atendido"))) -> Sem meta | I21: A validar (simulado)
A22: M021 | B22: IND06 | C22: 46357 | D22: 3 | F22: =IF(E22="",D22,D22/E22) -> 3 | G22: =IF(INDEX(Indicadores!$F$2:$F$9,MATCH($B22,Indicadores!$A$2:$A$9,0))="","",INDEX(Indicadores!$F$2:$F$9,MATCH($B22,Indicadores!$A$2:$A$9,0))) | H22: =IF(G22="","Sem meta",IF(IF(INDEX(Indicadores!$E$2:$E$9,MATCH($B22,Indicadores!$A$2:$A$9,0))="Maior é melhor",F22>=G22,F22<=G22),"Atendido",IF(AND(INDEX(Indicadores!$G$2:$G$9,MATCH($B22,Indicadores!$A$2:$A$9,0))<>"",INDEX(Indicadores!$G$2:$G$9,MATCH($B22,Indicadores!$A$2:$A$9,0))>EOMONTH(C22,0)),"Em atenção","Não atendido"))) -> Sem meta | I22: A validar (simulado)
A23: M022 | B23: IND07 | C23: 46266 | D23: 0 | E23: 2 | F23: =IF(E23="",D23,D23/E23) -> 0 | G23: =IF(INDEX(Indicadores!$F$2:$F$9,MATCH($B23,Indicadores!$A$2:$A$9,0))="","",INDEX(Indicadores!$F$2:$F$9,MATCH($B23,Indicadores!$A$2:$A$9,0))) -> 1 | H23: =IF(G23="","Sem meta",IF(IF(INDEX(Indicadores!$E$2:$E$9,MATCH($B23,Indicadores!$A$2:$A$9,0))="Maior é melhor",F23>=G23,F23<=G23),"Atendido",IF(AND(INDEX(Indicadores!$G$2:$G$9,MATCH($B23,Indicadores!$A$2:$A$9,0))<>"",INDEX(Indicadores!$G$2:$G$9,MATCH($B23,Indicadores!$A$2:$A$9,0))>EOMONTH(C23,0)),"Em atenção","Não atendido"))) -> Em atenção | I23: A validar (simulado) | J23: Backup parcialmente manual
A24: M023 | B24: IND07 | C24: 46296 | D24: 0 | E24: 2 | F24: =IF(E24="",D24,D24/E24) -> 0 | G24: =IF(INDEX(Indicadores!$F$2:$F$9,MATCH($B24,Indicadores!$A$2:$A$9,0))="","",INDEX(Indicadores!$F$2:$F$9,MATCH($B24,Indicadores!$A$2:$A$9,0))) -> 1 | H24: =IF(G24="","Sem meta",IF(IF(INDEX(Indicadores!$E$2:$E$9,MATCH($B24,Indicadores!$A$2:$A$9,0))="Maior é melhor",F24>=G24,F24<=G24),"Atendido",IF(AND(INDEX(Indicadores!$G$2:$G$9,MATCH($B24,Indicadores!$A$2:$A$9,0))<>"",INDEX(Indicadores!$G$2:$G$9,MATCH($B24,Indicadores!$A$2:$A$9,0))>EOMONTH(C24,0)),"Em atenção","Não atendido"))) -> Em atenção | I24: A validar (simulado)
A25: M024 | B25: IND07 | C25: 46327 | D25: 1 | E25: 2 | F25: =IF(E25="",D25,D25/E25) -> 0.5 | G25: =IF(INDEX(Indicadores!$F$2:$F$9,MATCH($B25,Indicadores!$A$2:$A$9,0))="","",INDEX(Indicadores!$F$2:$F$9,MATCH($B25,Indicadores!$A$2:$A$9,0))) -> 1 | H25: =IF(G25="","Sem meta",IF(IF(INDEX(Indicadores!$E$2:$E$9,MATCH($B25,Indicadores!$A$2:$A$9,0))="Maior é melhor",F25>=G25,F25<=G25),"Atendido",IF(AND(INDEX(Indicadores!$G$2:$G$9,MATCH($B25,Indicadores!$A$2:$A$9,0))<>"",INDEX(Indicadores!$G$2:$G$9,MATCH($B25,Indicadores!$A$2:$A$9,0))>EOMONTH(C25,0)),"Em atenção","Não atendido"))) -> Em atenção | I25: A validar (simulado) | J25: Folha automatizada
A26: M025 | B26: IND07 | C26: 46357 | D26: 2 | E26: 2 | F26: =IF(E26="",D26,D26/E26) -> 1 | G26: =IF(INDEX(Indicadores!$F$2:$F$9,MATCH($B26,Indicadores!$A$2:$A$9,0))="","",INDEX(Indicadores!$F$2:$F$9,MATCH($B26,Indicadores!$A$2:$A$9,0))) -> 1 | H26: =IF(G26="","Sem meta",IF(IF(INDEX(Indicadores!$E$2:$E$9,MATCH($B26,Indicadores!$A$2:$A$9,0))="Maior é melhor",F26>=G26,F26<=G26),"Atendido",IF(AND(INDEX(Indicadores!$G$2:$G$9,MATCH($B26,Indicadores!$A$2:$A$9,0))<>"",INDEX(Indicadores!$G$2:$G$9,MATCH($B26,Indicadores!$A$2:$A$9,0))>EOMONTH(C26,0)),"Em atenção","Não atendido"))) -> Atendido | I26: A validar (simulado) | J26: Prontuário automatizado
A27: M026 | B27: IND08 | C27: 46357 | D27: 0 | F27: =IF(E27="",D27,D27/E27) -> 0 | G27: =IF(INDEX(Indicadores!$F$2:$F$9,MATCH($B27,Indicadores!$A$2:$A$9,0))="","",INDEX(Indicadores!$F$2:$F$9,MATCH($B27,Indicadores!$A$2:$A$9,0))) -> 1 | H27: =IF(G27="","Sem meta",IF(IF(INDEX(Indicadores!$E$2:$E$9,MATCH($B27,Indicadores!$A$2:$A$9,0))="Maior é melhor",F27>=G27,F27<=G27),"Atendido",IF(AND(INDEX(Indicadores!$G$2:$G$9,MATCH($B27,Indicadores!$A$2:$A$9,0))<>"",INDEX(Indicadores!$G$2:$G$9,MATCH($B27,Indicadores!$A$2:$A$9,0))>EOMONTH(C27,0)),"Em atenção","Não atendido"))) -> Não atendido | I27: A validar (simulado) | J27: Nenhuma revisão no 4º trimestre

Sheet Riscos
A1: ID_Risco | B1: Risco | C1: Ativo_Servico | D1: Probabilidade | E1: Impacto | F1: Indice | G1: Faixa | H1: Prioridade | I1: Vinculo_PDTI | J1: Vinculo_PSI | K1: Responsavel | L1: Situacao_Tratamento | M1: Validacao
A2: R1 | B2: Falha na restauração de dados | C2: Dados da folha e do prontuário (rotina de backup) | D2: 4 | E2: 5 | F2: =D2*E2 -> 20 | G2: =IF(F2>=20,"Crítico",IF(F2>=13,"Alto",IF(F2>=6,"Médio","Baixo"))) -> Crítico | H2: 2 | I2: O3 / I3 | J2: P3 | K2: Coordenação de TI | L2: =IF(COUNTIFS(Marcos!$B$2:$B$13,A2,Marcos!$G$2:$G$13,"Atrasado")>0,"Atrasado","Em dia") -> Atrasado | M2: A validar
A3: R2 | B3: Lentidão ou queda do prontuário | C3: Sistema de prontuário (4 unidades de saúde e hospital) | D3: 5 | E3: 5 | F3: =D3*E3 -> 25 | G3: =IF(F3>=20,"Crítico",IF(F3>=13,"Alto",IF(F3>=6,"Médio","Baixo"))) -> Crítico | H3: 1 | I3: O2 / I2 | J3: P2 | K3: Gestor de Sistemas + Sec. de Saúde | L3: =IF(COUNTIFS(Marcos!$B$2:$B$13,A3,Marcos!$G$2:$G$13,"Atrasado")>0,"Atrasado","Em dia") -> Em dia | M3: A validar
A4: R3 | B4: Malware via computadores desatualizados | C4: Estações de trabalho (14 sem atualização) | D4: 3 | E4: 4 | F4: =D4*E4 -> 12 | G4: =IF(F4>=20,"Crítico",IF(F4>=13,"Alto",IF(F4>=6,"Médio","Baixo"))) -> Médio | H4: 3 | I4: Sem linha (propor) | J4: Sem diretriz (propor) | K4: Coordenação de TI + Sec. de Administração | L4: =IF(COUNTIFS(Marcos!$B$2:$B$13,A4,Marcos!$G$2:$G$13,"Atrasado")>0,"Atrasado","Em dia") -> Atrasado | M4: A validar
A5: R4 | B5: Indisponibilidade do portal | C5: Portal da Prefeitura (serviços ao cidadão) | D5: 4 | E5: 3 | F5: =D5*E5 -> 12 | G5: =IF(F5>=20,"Crítico",IF(F5>=13,"Alto",IF(F5>=6,"Médio","Baixo"))) -> Médio | H5: 4 | I5: O1 / I1 | J5: P1 | K5: Gestor de Sistemas | L5: =IF(COUNTIFS(Marcos!$B$2:$B$13,A5,Marcos!$G$2:$G$13,"Atrasado")>0,"Atrasado","Em dia") -> Atrasado | M5: A validar

Sheet Marcos
A1: ID_Marco | B1: ID_Risco | C1: Marco | D1: Prazo | E1: Status_Execucao | F1: Data_Conclusao | G1: Situacao | H1: Evidencia | I1: Responsavel
A2: K01 | B2: R1 | C2: 1º teste de restauração da folha e do prontuário | D2: 46325 | E2: Concluído | F2: 46323 | G2: =IF(E2="Concluído","Concluído",IF(D2<Parametros!$B$2,"Atrasado","Em dia")) -> Concluído | H2: Relatório de teste (data, sistema, tempo, resultado) | I2: Coordenação de TI
A3: K02 | B3: R1 | C3: Teste mensal de restauração de nov/2026 | D3: 46356 | E3: Pendente | G3: =IF(E3="Concluído","Concluído",IF(D3<Parametros!$B$2,"Atrasado","Em dia")) -> Atrasado | H3: Relatório de teste | I3: Coordenação de TI
A4: K03 | B4: R1 | C4: Backup automatizado da folha e do prontuário | D4: 46387 | E4: Concluído | F4: 46371 | G4: =IF(E4="Concluído","Concluído",IF(D4<Parametros!$B$2,"Atrasado","Em dia")) -> Concluído | H4: Logs de execução automática | I4: Coordenação de TI
A5: K04 | B5: R1 | C5: Testes mensais de restauração (ciclo completo) | D5: 46660 | E5: Em andamento | G5: =IF(E5="Concluído","Concluído",IF(D5<Parametros!$B$2,"Atrasado","Em dia")) -> Em dia | H5: Relatórios mensais de teste | I5: Coordenação de TI
A6: K05 | B6: R2 | C6: Análise dos 146 chamados (causa raiz) | D6: 46325 | E6: Concluído | F6: 46322 | G6: =IF(E6="Concluído","Concluído",IF(D6<Parametros!$B$2,"Atrasado","Em dia")) -> Concluído | H6: Relatório de causa raiz | I6: Gestor de Sistemas
A7: K06 | B7: R2 | C7: Plano de correção | D7: 46356 | E7: Concluído | F7: 46351 | G7: =IF(E7="Concluído","Concluído",IF(D7<Parametros!$B$2,"Atrasado","Em dia")) -> Concluído | H7: Plano de correção aprovado | I7: Gestor de Sistemas
A8: K07 | B8: R2 | C8: SLA de desempenho com o fornecedor | D8: 46387 | E8: Em andamento | G8: =IF(E8="Concluído","Concluído",IF(D8<Parametros!$B$2,"Atrasado","Em dia")) -> Em dia | H8: Cláusula de SLA no contrato | I8: Gestor de Sistemas + Sec. de Saúde
A9: K08 | B9: R3 | C9: Inventário dos 38 computadores antigos | D9: 46325 | E9: Concluído | F9: 46325 | G9: =IF(E9="Concluído","Concluído",IF(D9<Parametros!$B$2,"Atrasado","Em dia")) -> Concluído | H9: Inventário de ativos atualizado | I9: Coordenação de TI
A10: K09 | B10: R3 | C10: Tratar os 14 computadores sem atualização | D10: 46356 | E10: Em andamento | G10: =IF(E10="Concluído","Concluído",IF(D10<Parametros!$B$2,"Atrasado","Em dia")) -> Atrasado | H10: Relatório com 0 computador sem atualização na rede | I10: Coordenação de TI
A11: K10 | B11: R3 | C11: Plano de substituição do parque | D11: 46477 | E11: Pendente | G11: =IF(E11="Concluído","Concluído",IF(D11<Parametros!$B$2,"Atrasado","Em dia")) -> Em dia | H11: Processo de aquisição aprovado | I11: Sec. de Administração
A12: K11 | B12: R4 | C12: Monitoramento de disponibilidade com alerta | D12: 46325 | E12: Concluído | F12: 46315 | G12: =IF(E12="Concluído","Concluído",IF(D12<Parametros!$B$2,"Atrasado","Em dia")) -> Concluído | H12: Relatório mensal de disponibilidade | I12: Gestor de Sistemas
A13: K12 | B13: R4 | C13: Procedimento de continuidade do portal | D13: 46356 | E13: Pendente | G13: =IF(E13="Concluído","Concluído",IF(D13<Parametros!$B$2,"Atrasado","Em dia")) -> Atrasado | H13: Procedimento aprovado | I13: Gestor de Sistemas

Sheet Decisoes
A1: ID_Decisao | B1: Decisao | C1: ID_Risco | D1: Indicadores | E1: Justificativa | F1: Responsavel | G1: Prazo | H1: Evidencia_a_validar | I1: Status | J1: Registro
A2: D1 | B2: Isolar da rede os 6 computadores ainda sem atualização | C2: R3 | D2: IND04 | E2: 6 computadores sem atualização; meta 0 com prazo vencido em 30/11/2026 | F2: Coordenação de TI | G2: 46402 | H2: Setor de cada máquina; se for saúde ou folha, o R3 sobe para 15 (Alto) | I2: Proposta | J2: Ata — pendente (comitê não formalizado)
A3: D2 | B3: Formalizar SLA e plano de recuperação do portal | C3: R4 | D3: IND01; IND05 | E3: Disponibilidade 98,6% (meta 99%) e recuperação em 5h20 (meta 4 h) | F3: Gestor de Sistemas | G3: 46477 | H3: Causa da queda de set/2026 e se a hospedagem é contratada | I3: Proposta | J3: Ata — pendente (comitê não formalizado)
A4: D3 | B4: Manter o plano do prontuário e definir meta para dias com lentidão | C4: R2 | D4: IND02; IND06 | E4: Chamados caíram de 146 para 64, ainda acima da meta de 29 (prazo mar/2027); dias com lentidão sem meta | F4: Gestor de Sistemas + Sec. de Saúde | G4: 46418 | H4: Relatório de causa raiz e chamados por unidade de saúde | I4: Proposta | J4: Ata — pendente (comitê não formalizado)
A5: D4 | B5: Repor o teste de restauração em atraso e instituir revisão trimestral de permissões | C5: R1 | D5: IND03; IND08 | E5: Testes 2 de 3 previstos; nenhuma revisão de permissões no trimestre | F5: Coordenação de TI e Gestão de TI | G5: 46418 | H5: Relatório do teste e relação de permissões do prontuário | I5: Proposta | J5: Ata — pendente (comitê não formalizado)

Sheet Medidas_DAX
A1: RELACIONAMENTOS
A2: Medicoes → Indicadores | B2: Medicoes[ID_Indicador] (muitos) → Indicadores[ID_Indicador] (um)
A3: Indicadores → Riscos | B3: Indicadores[ID_Risco] (muitos) → Riscos[ID_Risco] (um)
A4: Marcos → Riscos | B4: Marcos[ID_Risco] (muitos) → Riscos[ID_Risco] (um)
A5: Decisoes → Riscos | B5: Decisoes[ID_Risco] (muitos) → Riscos[ID_Risco] (um)
A6: Medicoes → Calendario | B6: Medicoes[Mes] (muitos) → Calendario[Data] (um) — crie a tabela abaixo e marque-a como tabela de datas
A8: TABELA CALCULADA
A9: Calendario | B9: Calendario = ADDCOLUMNS( CALENDAR( DATE(2026,9,1), DATE(2027,9,30) ), "MesAno", FORMAT([Date], "mmm/yyyy"), "AnoMes", YEAR([Date])*100 + MONTH([Date]) )
A11: MEDIDAS
A12: Valor Atual | B12: Valor Atual = VAR UltimoMes = MAX( Medicoes[Mes] ) RETURN CALCULATE( SUM( Medicoes[Valor] ), Medicoes[Mes] = UltimoMes )
A13: Meta | B13: Meta = SELECTEDVALUE( Indicadores[Meta] )
A14: Linha Base | B14: Linha Base = SELECTEDVALUE( Indicadores[Linha_Base] )
A15: Variação vs Base | B15: Variação vs Base = DIVIDE( [Valor Atual] - [Linha Base], [Linha Base] )
A16: Situação | B16: Situação = VAR v = [Valor Atual] VAR m = [Meta] VAR s = SELECTEDVALUE( Indicadores[Sentido] ) VAR p = SELECTEDVALUE( Indicadores[Prazo_Meta] ) VAR ref = EOMONTH( MAX( Medicoes[Mes] ), 0 ) RETURN IF( ISBLANK( m ), "Sem meta", IF( IF( s = "Maior é melhor", v >= m, v <= m ), "Atendido", IF( NOT ISBLANK( p ) && p > ref, "Em atenção", "Não atendido" ) ) )
A17: Cor Situação | B17: Cor Situação = SWITCH( [Situação], "Atendido", "#1A6340", "Em atenção", "#7A4A00", "Não atendido", "#A3190F", "#4A5462" ) -- use em Formatação condicional › Cor da fonte › Valor do campo
A18: Texto Meta | B18: Texto Meta = VAR s = SELECTEDVALUE( Indicadores[Sentido] ) VAR u = SELECTEDVALUE( Indicadores[Unidade] ) VAR m = [Meta] RETURN IF( ISBLANK( m ), "Meta a definir", IF( s = "Maior é melhor", "Meta ≥ ", "Meta ≤ " ) & IF( u = "%", FORMAT( m, "0%" ), FORMAT( m, "0.##" ) & " " & u ) )
A19: Riscos Críticos | B19: Riscos Críticos = CALCULATE( COUNTROWS( Riscos ), Riscos[Faixa] = "Crítico" )
A20: Marcos Atrasados | B20: Marcos Atrasados = CALCULATE( COUNTROWS( Marcos ), Marcos[Situacao] = "Atrasado" )
A21: Indicadores Não Atendidos | B21: Indicadores Não Atendidos = COUNTROWS( FILTER( VALUES( Indicadores[ID_Indicador] ), [Situação] = "Não atendido" ) )
A23: DICAS DE VISUAIS
A24: Cartões (página 1) | B24: Visual Cartão (novo) com [Valor Atual]; filtro do visual em Indicadores[ID_Indicador]; [Texto Meta] e [Situação] como rótulos de referência.
A25: Linha / colunas | B25: Eixo X = Calendario[MesAno] (ordenar por AnoMes); Y = Valor Atual; linha constante (painel Análise) com a meta.
A26: Matriz de riscos | B26: Visual Matriz: linhas = Riscos[Probabilidade] (decrescente), colunas = Riscos[Impacto], valores = ID_Risco (Primeiro); formatação condicional de fundo por Riscos[Indice].
A27: Atualizar a data | B27: Mudou o mês de referência? Altere Parametros[Valor] e acrescente as novas linhas em Medicoes.
